StateSystem,Polity_Full_Name,Polity,ConquerElite,Start_Century,End_Decade,Polity_Age,Councilors,Caste?,Slavery?,Succession Eligibility,Succession_Method,Kingmakers/Electors,Elite_Structure,Religious/Regulatory Societies/Age sets,Economy_Agriculture,Economy_Pastoralism,Economy_Trade,Trade_FoodStuffs_Livestock,Trade_Minerals,Trade_EnslavedPersons,Trade_Rtes,Elite_Ethnicity,Ideology,Stability,Judicial Autonomy,Islamic,Persistence,N_Sources
Aboh,Aboh,Aboh,1,1700,1900,200_250yrs,1,0,1,Within Eligible Clans/Royals,Elected,0,Gatekeeper,No,1,0,1,1,0,1,AtlanticSlave,Igbo,Commerce,Declining,Appeals,0,1,3
Abron,Abron (Gyaman),Abron,0,1600,1890,300yrsPlus,1,1,1,Within Matrilineage,Rotation,1,Regal,No,1,0,1,1,1,0,AtlanticSlave,Abron,Hereditary Monarchy,Declining,Appeals,0,1,6
Adamawa Emirates,Adamawa Emirates,Adamawa Emirates,1,1800,1900,50_99yrs,1,1,1,Within Patrilineage,Elected,1,Gatekeeper,No,1,1,1,1,1,1,Regional,Fulani,Islamic Theocracy,Stable,Appeals,1,0,11
Adamawa Emirates,Agorma,Agorma,1,1800,1900,50_99yrs,1,1,1,Within Patrilineage,Elected,1,Regal,No,1,1,1,1,1,1,Regional,Fulani,Islamic Theocracy,Stable,Appeals,1,1,11
Adamawa Emirates,Bame,Bame,1,1800,1900,50_99yrs,1,1,1,Within Patrilineage,Elected,1,Regal,No,1,1,1,1,1,1,Regional,Fulani,Islamic Theocracy,Stable,Appeals,1,1,11
Adamawa Emirates,Banyo,Banyo,1,1800,1900,50_99yrs,1,1,1,Within Patrilineage,Elected,1,Regal,No,1,1,1,1,1,1,Regional,Fulani,Islamic Theocracy,Stable,Appeals,1,1,11
Adamawa Emirates,Bassewo,Bassewo,1,1800,1900,50_99yrs,1,1,1,Within Patrilineage,Elected,1,Regal,No,1,1,1,1,1,1,Regional,Fulani,Islamic Theocracy,Stable,Appeals,1,1,11
Adamawa Emirates,Be,Be,1,1800,1900,50_99yrs,1,1,1,Within Patrilineage,Elected,1,Regal,No,1,1,1,1,1,1,Regional,Fulani,Islamic Theocracy,Stable,Appeals,1,1,11
Adamawa Emirates,Beka,Beka,1,1800,1900,50_99yrs,1,1,1,Within Patrilineage,Elected,1,Regal,No,1,1,1,1,1,1,Regional,Fulani,Islamic Theocracy,Stable,Appeals,1,1,11
Adamawa Emirates,Bibemi,Bibemi,1,1800,1900,50_99yrs,1,1,1,Within Patrilineage,Elected,1,Regal,No,1,1,1,1,1,1,Regional,Fulani,Islamic Theocracy,Stable,Appeals,1,1,11
Adamawa Emirates,Bindir,Bindir,1,1800,1900,50_99yrs,1,1,1,Within Patrilineage,Elected,1,Regal,No,1,1,1,1,1,1,Regional,Fulani,Islamic Theocracy,Stable,Appeals,1,1,11
Adamawa Emirates,Bogo,Bogo,1,1800,1900,50_99yrs,1,1,1,Within Patrilineage,Elected,1,Regal,No,1,1,1,1,1,1,Regional,Fulani,Islamic Theocracy,Stable,Appeals,1,1,11
Adamawa Emirates,Boumi,Boumi,1,1800,1900,50_99yrs,1,1,1,Within Patrilineage,Elected,1,Regal,No,1,1,1,1,1,1,Regional,Fulani,Islamic Theocracy,Stable,Appeals,1,1,11
Adamawa Emirates,Bourha,Bourha,1,1800,1900,50_99yrs,1,1,1,Within Patrilineage,Elected,1,Regal,No,1,1,1,1,1,1,Regional,Fulani,Islamic Theocracy,Stable,Appeals,1,1,11
Adamawa Emirates,Dembo,Dembo,1,1800,1900,50_99yrs,1,1,1,Within Patrilineage,Elected,1,Regal,No,1,1,1,1,1,1,Regional,Fulani,Islamic Theocracy,Stable,Appeals,1,1,11
Adamawa Emirates,Demsa,Demsa,1,1800,1900,50_99yrs,1,1,1,Within Patrilineage,Elected,1,Regal,No,1,1,1,1,1,1,Regional,Fulani,Islamic Theocracy,Stable,Appeals,1,1,11
Adamawa Emirates,Figuil,Figuil,1,1800,1900,50_99yrs,1,1,1,Within Patrilineage,Elected,1,Regal,No,1,1,1,1,1,1,Regional,Fulani,Islamic Theocracy,Stable,Appeals,1,1,11
Adamawa Emirates,Gamsargou,Gamsargou,1,1800,1900,50_99yrs,1,1,1,Within Patrilineage,Elected,1,Regal,No,1,1,1,1,1,1,Regional,Fulani,Islamic Theocracy,Stable,Appeals,1,1,11
Adamawa Emirates,Garoua,Garoua,1,1800,1900,50_99yrs,1,1,1,Within Patrilineage,Descent,1,Regal,No,1,1,1,1,1,1,Regional,Fulani,Islamic Theocracy,Stable,Appeals,1,1,11
Adamawa Emirates,Gawar,Gawar,1,1800,1900,50_99yrs,1,1,1,Within Patrilineage,Elected,1,Regal,No,1,1,1,1,1,1,Regional,Fulani,Islamic Theocracy,Stable,Appeals,1,1,11
Adamawa Emirates,Gazawa,Gazawa,1,1800,1900,50_99yrs,1,1,1,Within Patrilineage,Elected,1,Regal,No,1,1,1,1,1,1,Regional,Fulani,Islamic Theocracy,Stable,Appeals,1,1,11
Adamawa Emirates,Golombe,Golombe,1,1800,1900,50_99yrs,1,1,1,Within Patrilineage,Elected,1,Regal,No,1,1,1,1,1,1,Regional,Fulani,Islamic Theocracy,Stable,Appeals,1,1,11
Adamawa Emirates,Gounna,Gounna,1,1800,1900,50_99yrs,1,1,1,Within Patrilineage,Elected,1,Regal,No,1,1,1,1,1,1,Regional,Fulani,Islamic Theocracy,Stable,Appeals,1,1,11
Adamawa Emirates,Guebake,Guebake,1,1800,1900,50_99yrs,1,1,1,Within Patrilineage,Elected,1,Regal,No,1,1,1,1,1,1,Regional,Fulani,Islamic Theocracy,Stable,Appeals,1,1,11
Adamawa Emirates,Guidar,Guidar,1,1800,1900,50_99yrs,1,1,1,Within Patrilineage,Elected,1,Regal,No,1,1,1,1,1,1,Regional,Fulani,Islamic Theocracy,Stable,Appeals,1,1,11
Adamawa Emirates,Khalfou,Khalfou,1,1800,1900,50_99yrs,1,1,1,Within Patrilineage,Elected,1,Regal,No,1,1,1,1,1,1,Regional,Fulani,Islamic Theocracy,Stable,Appeals,1,1,11
Adamawa Emirates,Lagdo,Lagdo,1,1800,1900,50_99yrs,1,1,1,Within Patrilineage,Elected,1,Regal,No,1,1,1,1,1,1,Regional,Fulani,Islamic Theocracy,Stable,Appeals,1,1,11
Adamawa Emirates,Loubouki,Loubouki,1,1800,1900,50_99yrs,1,1,1,Within Patrilineage,Elected,1,Regal,No,1,1,1,1,1,1,Regional,Fulani,Islamic Theocracy,Stable,Appeals,1,1,11
Adamawa Emirates,Maya Louwe,Maya Louwe,1,1800,1900,50_99yrs,1,1,1,Within Patrilineage,Descent,1,Regal,No,1,1,1,1,1,1,Regional,Fulani,Islamic Theocracy,Stable,Appeals,1,1,11
Adamawa Emirates,Mbengui,Mbengui,1,1800,1900,50_99yrs,1,1,1,Within Patrilineage,Elected,1,Regal,No,1,1,1,1,1,1,Regional,Fulani,Islamic Theocracy,Stable,Appeals,1,1,11
Adamawa Emirates,Mbongui,Mbongui,1,1800,1900,50_99yrs,1,1,1,Within Patrilineage,Elected,1,Regal,No,1,1,1,1,1,1,Regional,Fulani,Islamic Theocracy,Stable,Appeals,1,1,11
Adamawa Emirates,Mindif,Mindif,1,1800,1900,50_99yrs,1,1,1,Within Patrilineage,Elected,1,Regal,No,1,1,1,1,1,1,Regional,Fulani,Islamic Theocracy,Stable,Appeals,1,1,11
Adamawa Emirates,Miskine,Miskine,1,1800,1900,50_99yrs,1,1,1,Within Patrilineage,Elected,1,Regal,No,1,1,1,1,1,1,Regional,Fulani,Islamic Theocracy,Stable,Appeals,1,1,11
Adamawa Emirates,Muri,Muri,1,1800,1900,50_99yrs,1,1,1,Within Patrilineage,Elected,1,Regal,No,1,1,1,1,1,1,Regional,Fulani,Islamic Theocracy,Stable,Appeals,1,1,11
Adamawa Emirates,Naari,Naari,1,1800,1900,50_99yrs,1,1,1,Within Patrilineage,Elected,1,Regal,No,1,1,1,1,1,1,Regional,Fulani,Islamic Theocracy,Stable,Appeals,1,1,11
Adamawa Emirates,Ngaoundere,Ngaoundere,1,1800,1900,50_99yrs,1,1,1,Within Patrilineage,Elected,1,Regal,No,1,1,1,1,1,1,Regional,Fulani,Islamic Theocracy,Rising,Appeals,1,1,11
Adamawa Emirates,Rey Bouba,Rey Bouba,1,1800,1900,50_99yrs,1,1,1,Within Patrilineage,Descent,1,Regal,No,1,1,1,1,1,1,Regional,Fulani,Islamic Theocracy,Stable,Appeals,1,1,11
Adamawa Emirates,Tchamba,Tchamba,1,1800,1900,50_99yrs,1,1,1,Within Patrilineage,Elected,1,Regal,No,1,1,1,1,1,1,Regional,Fulani,Islamic Theocracy,Stable,Appeals,1,1,11
Adamawa Emirates,Tchebowa,Tchebowa,1,1800,1900,50_99yrs,1,1,1,Within Patrilineage,Elected,1,Regal,No,1,1,1,1,1,1,Regional,Fulani,Islamic Theocracy,Stable,Appeals,1,1,11
Adamawa Emirates,Tibati,Tibati,1,1800,1900,50_99yrs,1,1,1,Within Patrilineage,Elected,1,Regal,No,1,1,1,1,1,1,Regional,Fulani,Islamic Theocracy,Stable,Appeals,1,1,11
Adamawa Emirates,Tignere,Tignere,1,1800,1900,50_99yrs,1,1,1,Within Patrilineage,Elected,1,Regal,No,1,1,1,1,1,1,Regional,Fulani,Islamic Theocracy,Stable,Appeals,1,1,11
Adamawa Emirates,Tourwa,Tourwa,1,1800,1900,50_99yrs,1,1,1,Within Patrilineage,Elected,1,Regal,No,1,1,1,1,1,1,Regional,Fulani,Islamic Theocracy,Stable,Appeals,1,1,11
Adamawa Emirates,Woubawo,Woubawo,1,1800,1900,50_99yrs,1,1,1,Within Patrilineage,Elected,1,Regal,No,1,1,1,1,1,1,Regional,Fulani,Islamic Theocracy,Stable,Appeals,1,1,11
Adamawa Emirates,Yola,Yola,1,1800,1900,50_99yrs,1,1,1,Within Patrilineage,Elected,1,Regal,No,1,1,1,1,1,1,Regional,Fulani,Islamic Theocracy,Stable,Appointee,1,1,11
Ader,Adar,Adar,0,1680,1900,200_250yrs,1,0,1,Within Patrilineage,Elected,1,Gatekeeper,No,0,0,1,0,0,1,SaharaCaravans,Hausa,Commerce,Declining,Appeals,1,0,3
Afar Sultanates,Afar,Afar,0,1500,1930,300yrsPlus,0,0,0,Within Patrilineage,Descent,0,Despotic,Yes,0,0,1,0,1,1,IndianOcean,Afar,Commerce,Stable,,1,1,4
Agadez Sultante,Agadez,Agadez,0,1400,1900,300yrsPlus,1,1,0,Within Patrilineage,Elected,1,Federation,No,0,1,1,1,1,1,SaharaCaravans,Toureg,Commerce,Declining,,1,1,6
Akwamu,Akwamu,Akwamu,0,1700,1880,150_200yrs,0,0,0,Within Matrilineage,Descent,1,Gatekeeper,No,1,0,1,0,1,1,AtlanticSlave,Akan,Hereditary Monarchy,Declining,,0,1,3
Akwapim,Akwapim,Akuapem,1,1700,1870,100_150yrs,1,0,0,Within Matrilineage,Descent,0,Gatekeeper,No,1,0,0,1,1,1,AtlanticSlave,Akan,Divine Kingship,Rapidly Declining,Appeals,0,1,4
Akyem,Akyem,Akyem,0,1600,1870,250_299yrs,1,0,1,Within Matrilineage,Descent,1,Federation,No,1,0,1,0,1,1,AtlanticSlave,Akan,Divine Kingship,Declining,Appeals,0,1,3
Anfillo,Anfillo,Anfillo,1,1500,1880,250_299yrs,1,0,1,Within Patrilineage,Descent,1,Regal,No,1,1,0,0,1,0,Regional,Kafa,Divine Kingship,Stable,,0,0,3
Arewa,Arewa,Arewa,1,1600,1900,300yrsPlus,1,0,0,Within Patrilineage,Elected,1,Regal,No,1,0,1,0,0,1,Regional,Arewa,Divine Kingship,Rising,,0,1,6
Asante,Ashanti,Ashanti,0,1600,1890,250_299yrs,1,0,1,Within Matrilineage,Descent,1,Federation,No,1,0,1,0,1,1,AtlanticSlave,Akan,Divine Kingship,Rising,Appeals,0,1,9
Azande,Azande,Azande,1,1700,1890,100_150yrs,0,0,0,Father-Son,Descent,0,Regal,No,1,0,1,0,0,1,AtlanticSlave,Azande,Divine Kingship,Declining,Appointee,0,0,5
Bafut,Bafut,Bafut,0,1750,1900,150_200yrs,1,0,0,Within Patrilineage,Descent,1,Despotic,Yes,1,0,1,1,1,1,AtlanticSlave,Bafut,Divine Kingship,Stable,Appeals,0,1,3
Bagirmi,Bagirmi,Bagirmi,0,1400,1890,300yrsPlus,0,0,1,Father-Son,Descent,1,Despotic,No,1,1,1,0,0,1,SaharaCaravans,Barma,Hereditary Monarchy,Stable,Appointee,1,0,7
Bali,Bali,Bali,0,1800,1880,50_99yrs,1,0,1,Father-Son,Descent,0,Despotic,Yes,1,0,1,1,0,1,AtlanticSlave,Bali Chamba,Conquest,Rising,Appeals,0,1,7
Bamum,Bamum,Bamum,0,1600,1880,250_299yrs,0,0,1,Father-Son,Descent,0,Gatekeeper,No,1,0,1,1,0,1,AtlanticSlave,Bamileke,Divine Kingship,Stable,Local,1,1,5
Baol,Baol,Baol,0,1600,1890,200_250yrs,1,1,1,Within Eligible Clans/Royals,Elected,1,Regal,No,1,1,1,1,0,1,AtlanticSlave,Wolof,Hereditary Monarchy,Stable,Appeals,1,0,2
Barue,Barue,Barue,0,1500,1900,300yrsPlus,1,0,0,Within Patrilineage,Descent,1,Gatekeeper,Yes,1,1,1,1,1,0,AtlanticSlave,Shona,Divine Kingship,Declining,Local,0,,6
Benin,Benin,Benin,0,1100,1890,300yrsPlus,1,0,1,Father-Son,Descent,0,Regal,No,1,0,1,1,0,1,AtlanticSlave,Edo/Bini,Divine Kingship,Stable,Appeals,0,1,7
Borgu,Borgu,Borgu,0,1600,1890,200_250yrs,1,0,1,Within Eligible Clans/Royals,Elected,1,Federation,no,1,0,1,1,0,1,SaharaCaravans,Bariba,Divine Kingship,Stable,Local,0,1,5
Bouna,Bouna,Bouna,1,1600,1890,250_299yrs,1,0,0,Within Patrilineage,Rotation,0,Regal,No,1,0,1,0,1,1,AtlanticSlave,Dagomba,Commerce,Declining,Appeals,1,1,4
Boundou,Boundou,Boundou,1,1600,1900,150_200yrs,0,1,1,Within Eligible Clans/Royals,Rotation,0,Regal,No,1,1,1,1,1,0,AtlanticSlave,Fulani,Islamic Theocracy,Declining,Local,1,0,10
Buganda,Buganda,Buganda,0,1400,1900,300yrsPlus,0,0,1,Father-Son,Descent,0,Despotic,No,1,1,0,0,1,1,IndianOcean,Ganda,Hereditary Monarchy,Rising,Appointee,0,1,11
Bunyoro,Bunyoro,Bunyoro,0,1500,1890,300yrsPlus,0,0,0,Within Eligible Clans/Royals,Descent,0,Despotic,No,1,1,1,1,1,0,Regional,Banyoro,Divine Kingship,Declining,Appeals,0,0,5
Burundi,Burundi,Burundi,1,1600,1890,200_250yrs,0,1,0,Father-Son,Descent,0,Regal,No,1,1,0,1,1,0,Regional,Tutsi,Divine Kingship,Declining,Appointee,0,0,4
Calabar,Calabar,Calabar,0,1600,1890,200_250yrs,1,0,1,Within Eligible Clans/Royals,Descent,0,Federation,Yes,1,0,1,1,0,1,AtlanticSlave,Efik,Divine Kingship,Declining,Local,0,0,4
Cayor,Cayor,Cayor,0,1500,1880,300yrsPlus,1,1,1,Within Eligible Clans/Royals,Elected,1,Regal,No,1,1,0,1,0,1,AtlanticSlave,Wolof,Hereditary Monarchy,Declining,Appeals,1,0,6
Chokossi,Chakossi,Chakossi,1,1600,1880,200_250yrs,1,1,0,Within Patrilineage,Rotation,1,Gatekeeper,No,1,0,1,0,0,1,SaharaCaravans,Anoufou,Divine Kingship,Stable,,0,1,1
Dagomba,Dagomba,Dagomba,0,1500,1880,300yrsPlus,1,1,1,Father-Son,Descent,0,Regal,No,1,0,1,0,0,1,AtlanticSlave,Dagomba,Hereditary Monarchy,Declining,Appeals,1,1,4
Dahomey,Dahomey,Dahomey,0,1600,1890,200_250yrs,1,0,1,Within Patrilineage,Elected,1,Despotic,Yes,1,0,1,1,0,1,AtlanticSlave,Fon,Divine Kingship,Stable,Appointee,0,1,6
Damaragam Sultante,Damagaram,Damagaram,0,1700,1890,100_150yrs,1,1,1,Within Patrilineage,Descent,0,Despotic,No,1,1,1,1,1,0,SaharaCaravans,Hausa,Commerce,Rising,Appeals,1,1,5
Dawro,Dawro,Dawro,0,1600,1880,300yrsPlus,1,1,0,Father-Son,Descent,0,Gatekeeper,No,1,0,1,1,1,0,SaharaCaravans,Dawro,Divine Kingship,Stable,Appeals,0,0,4
Djoloff,Djoloff,Djoloff,0,1200,1890,300yrsPlus,1,1,1,Within Patrilineage,Elected,1,Regal,No,1,1,0,1,0,0,Regional,Wolof,Hereditary Monarchy,Stable,Appeals,1,0,5
Dosso,Dosso,Dosso,0,1800,1890,50_99yrs,1,0,,Within Eligible Clans/Royals,Rotation,0,Gatekeeper,No,1,1,0,0,0,0,Regional,Zarma,Conquest,Rising,Local,1,1,4
Ethiopia,Early Ethiopia,Early Ethiopia,0,1200,1970,300yrsPlus,0,1,1,Within Eligible Clans/Royals,Descent,0,Despotic,No,1,0,1,1,0,1,IndianOcean,Amhara,Hereditary Monarchy,Rising,Appointee,0,0,13
Ethiopia,Menelik's Ethiopia,Menelik's Ethiopia,0,1200,1970,300yrsPlus,0,1,1,Within Eligible Clans/Royals,Descent,0,Despotic,No,1,0,1,1,0,1,IndianOcean,Amhara,Hereditary Monarchy,Rising,Appointee,0,0,13
Fouladou,Fouladou,Fouladou,1,1800,1900,0_49yrs,0,1,1,Father-Son,Descent,0,Gatekeeper,No,1,1,1,1,0,0,AtlanticSlave,Fulani,Conquest,Rapidly Rising,Local,1,0,9
Fouta Djallon,FoutaDjall,Fouta Djallon,0,1700,1890,150_200yrs,1,1,1,Within Patrilineage,Elected,1,Gatekeeper,No,1,1,1,1,0,1,Regional,Fulani,Islamic Theocracy,Stable,Local,1,0,4
Fouta Toro,Fouta Toro,Fouta Toro,0,1700,1890,100_150yrs,1,1,1,Within Eligible Clans/Royals,Elected,1,Federation,No,1,1,1,1,0,1,AtlanticSlave,Fulani,Islamic Theocracy,Declining,Local,1,0,6
Funj,Funj,Funj,0,1500,1820,300yrsPlus,1,0,1,Father-Son,Descent,0,Regal,No,1,0,1,0,1,1,SaharaCaravans,Nubian,Hereditary Monarchy,Declining,Appointee,1,0,6
Fur Sultanate,Fur,Fur,0,1600,1910,250_299yrs,1,0,1,Within Patrilineage,Descent,0,Despotic,No,1,1,1,1,0,1,SaharaCaravans,Fur,Islamic Theocracy,Declining,Appointee,1,0,8
Gajaaga,Gajaaga,Gajaaga,0,1300,1890,300yrsPlus,1,0,1,Within Patrilineage,Rotation,0,Federation,No,0,1,1,1,1,1,SaharaCaravans,Soninke,Commerce,Declining,Local,1,0,5
Gaza,Gaza,Gaza,1,1800,1890,50_99yrs,1,0,0,Father-Son,Descent,0,Regal,Yes,1,1,1,0,1,1,IndianOcean,Nguni,Conquest,Declining,Appeals,0,0,9
Gibe Valley,Gera,Gera,0,1800,1880,50_99yrs,0,1,1,Father-Son,Descent,0,Despotic,No,1,0,1,1,1,1,SaharaCaravans,Oromo,Hereditary Monarchy,Declining,Appointee,1,0,6
Gibe Valley,Gomma,Gomma,0,1800,1880,50_99yrs,0,1,1,Father-Son,Descent,0,Despotic,No,1,0,1,1,1,1,SaharaCaravans,Oromo,Hereditary Monarchy,Declining,Appointee,1,0,6
Gibe Valley,Gumma,Gumma,0,1800,1880,50_99yrs,0,1,1,Father-Son,Descent,0,Despotic,No,1,0,1,1,1,1,SaharaCaravans,Oromo,Hereditary Monarchy,Declining,Appointee,1,0,6
Gibe Valley,Janjero,Janjero,0,1400,1880,300yrsPlus,0,1,1,Father-Son,Descent,1,Gatekeeper,No,1,0,1,1,1,1,SaharaCaravans,Yam/Yamma,Divine Kingship,Declining,Appeals,1,0,6
Gibe Valley,Jimma,Jimma,0,1800,1880,50_99yrs,0,1,1,Father-Son,Descent,0,Despotic,No,1,0,1,1,1,1,SaharaCaravans,Oromo,Hereditary Monarchy,Stable,Appointee,1,0,6
Gibe Valley,Limmu Enarea,Limmu Enarea,0,1800,1880,50_99yrs,0,1,1,Father-Son,Descent,0,Despotic,No,1,0,1,1,1,1,SaharaCaravans,Oromo,Hereditary Monarchy,Declining,Appointee,1,0,6
Gobir,Gobir,Gobir,0,1700,1900,150_200yrs,1,1,1,Within Patrilineage,Elected,1,Regal,No,1,1,1,1,0,0,SaharaCaravans,Hausa,Islamic Theocracy,Declining,Appointee,1,1,4
Gonja,Gonja,Gonja,1,1600,1890,250_299yrs,0,0,1,Within Patrilineage,Rotation,1,Federation,No,1,0,1,0,1,1,AtlanticSlave,Gonja,Commerce,Declining,Local,1,1,6
Harar,Harar,Harar,0,1600,1880,200_250yrs,0,0,1,Father-Son,Descent,0,Despotic,No,1,0,1,1,1,1,IndianOcean,Harari,Commerce,Declining,Appointee,1,0,4
Hehe,Hehe,Hehe,0,1800,1890,0_49yrs,1,0,0,Father-Son,Descent,0,Gatekeeper,No,1,1,0,0,1,1,Regional,Hehe,Divine Kingship,Rising,Appeals,0,0,4
Idenie,Idenie,Idenie,1,1700,1890,100_150yrs,1,0,1,rotated within royal lineages,Descent,1,Federation,No,1,0,1,0,1,0,AtlanticSlave,Anyi,Divine Kingship,Stable,Appeals,0,1,4
Igala,Igala,Igala,0,1700,1900,200_250yrs,1,0,0,Within Eligible Clans/Royals,Rotation,0,Despotic,No,1,0,1,1,1,1,AtlanticSlave,Igala,Divine Kingship,Declining,Appeals,0,1,6
Kaabu,Kaabu,Kaabu,0,1300,1860,300yrsPlus,0,1,1,Within Matrilineage,Rotation,0,Gatekeeper,No,1,1,1,0,1,1,Regional,Mandingue,Hereditary Monarchy,Declining,Local,0,0,5
Kaarta,Kaarta,Kaarta,0,1700,1850,100_150yrs,0,1,1,Within Patrilineage,Descent,0,Regal,No,1,1,1,1,1,0,SaharaCaravans,Bambara,Hereditary Monarchy,Rising,Appeals,1,0,4
Kabadougou,Kabadougou,Kabadougou,1,1840,1890,0_49yrs,1,0,1,Within Patrilineage,Descent,0,Despotic,No,1,0,1,1,1,0,SaharaCaravans,Dyula,Conquest,Stable,Appointee,1,1,3
Kaffa,Kaffa,Kaffa,0,1300,1890,300yrsPlus,1,1,1,Father-Son,Descent,1,Gatekeeper,No,1,1,0,1,1,1,SaharaCaravans,Kafa,Divine Kingship,Declining,Appeals,0,0,4
Kanem-Borno,Borno,Borno,0,1500,1890,300yrsPlus,1,1,1,Within Patrilineage,Rotation,0,Despotic,No,1,1,1,0,1,1,SaharaCaravans,Kanuri,Islamic Theocracy,Declining,Appointee,1,1,11
Karagwe,Karagwe,Karagwe,0,1500,1900,300yrsPlus,1,1,0,Father-Son,Descent,0,Regal,No,1,1,0,0,0,1,IndianOcean,Bahima/Banyambo,Divine Kingship,Declining,Appeals,0,0,4
Kasanje,Kasanje,Kasanje,1,1600,1910,250_299yrs,0,0,0,Within Eligible Clans/Royals,Descent,0,Gatekeeper,No,1,0,1,0,1,1,AtlanticSlave,Mbangala,Commerce,Declining,Appeals,0,0,6
Kenedougou,Kenedougou,Kenedougou,0,1800,1890,50_99yrs,1,1,1,Within Patrilineage,Descent,0,Regal,No,1,0,0,1,0,1,Regional,Senoufu,Hereditary Monarchy,Rising,Local,1,0,5
Khasso,Khasso,Khasso,0,1600,1850,150_200yrs,1,1,1,Father-Son,Descent,0,Federation,No,1,1,1,1,1,1,AtlanticSlave,Mandingue,Hereditary Monarchy,Declining,Appeals,0,0,2
Kilindi,Kilindi,Kilindi,0,1700,1890,100_150yrs,1,0,0,Father-Son,Descent,0,Regal,No,1,0,0,0,1,0,Regional,Shambaa,Divine Kingship,Rapidly Declining,Local,0,0,3
Kom,Kom,Kom,0,1700,1900,150_200yrs,1,0,1,Within Matrilineage,Descent,1,Gatekeeper,Yes,1,0,1,1,0,1,AtlanticSlave,Kom,Divine Kingship,Rising,Appeals,0,1,5
Kong,Kong,Kong,1,1700,1890,150_200yrs,1,0,1,Father-Son,Descent,0,Regal,No,1,0,1,1,1,0,Regional,Dyula,Commerce,Declining,Local,1,0,3
Konta,Konta,Konta,0,1800,1890,50_99yrs,1,0,0,Within Patrilineage,Descent,0,Gatekeeper,No,1,1,1,1,1,0,SaharaCaravans,Wolaita,Divine Kingship,Stable,,0,0,1
Kotoko,Kotoko,Kotoko,0,1400,1890,300yrsPlus,1,0,0,Within Patrilineage,Descent,0,Federation,No,1,1,0,1,0,0,Regional,Lagwan-Kotoko,Hereditary Monarchy,Declining,Local,1,1,3
Kotokoli,Kotokoli,Kotokoli,0,1700,1880,150_200yrs,1,1,0,Within Eligible Clans/Royals,Rotation,0,Federation,No,1,0,1,1,0,0,SaharaCaravans,Kotokoli (Tem),Divine Kingship,Stable,Appeals,0,1,3
Kuba,Kuba,Kuba,1,1600,1890,250_299yrs,1,0,1,Within Patrilineage,Descent,0,Despotic,No,1,0,1,0,1,0,Regional,Kuba,Divine Kingship,Stable,Appeals,0,1,1
Leqa Naqamte,Leqa Naqamte,Leqa Naqamte,0,1800,1880,0_49yrs,0,0,1,Father-Son,Descent,0,Regal,No,1,0,1,0,1,1,SaharaCaravans,Oromo,Conquest,Rising,Appeals,0,0,4
Leqa Qellem,Leqa Qellem,Leqa Qellem,0,1800,1880,0_49yrs,0,0,1,n/a,n/a,,Regal,No,1,0,1,0,1,1,SaharaCaravans,Oromo,Conquest,Rising,Appeals,0,0,4
Lesotho,Lesotho,Lesotho,0,1800,1800,50_99yrs,1,0,0,Father-Son,Descent,0,Regal,Yes,1,1,1,1,1,0,Regional,Sotho,Hereditary Monarchy,Stable,Appeals,0,1,4
Liptako,Liptako,Liptako,1,1800,1900,50_99yrs,1,1,1,Within Patrilineage,Elected,0,Gatekeeper,No,1,1,1,1,0,1,SaharaCaravans,Fulani,Islamic Theocracy,Stable,Appointee,1,1,4
Loango,Loango,Loango,0,1300,1880,300yrsPlus,0,0,0,Within Matrilineage,Elected,1,Despotic,No,1,0,1,1,0,1,AtlanticSlave,Bakongo,Divine Kingship,Rapidly Declining,Appeals,0,0,2
Lozi,Lozi,Lozi,0,1600,1900,250_299yrs,1,0,0,Within Patrilineage,Descent,1,Despotic,No,1,1,0,0,1,1,Regional,Lozi,Divine Kingship,Stable,Appeals,0,1,10
Luba,Luba,Luba,0,1500,1890,300yrsPlus,1,0,1,Within Patrilineage,Descent,0,Gatekeeper,Yes,1,0,1,1,1,0,Regional,Luba,Divine Kingship,Rapidly Declining,Appeals,0,0,3
Lunda,Lunda,Lunda,0,1600,1880,200_250yrs,1,0,1,Father-Son,Descent,0,Gatekeeper,No,1,0,1,0,1,1,IndianOcean,Lunda,Divine Kingship,Rapidly Declining,Appeals,0,0,10
Macina,Macina,Macina,0,1800,1860,50_99yrs,1,1,1,Father-Son,Descent,0,Regal,No,1,1,1,0,1,1,Regional,Fulani,Islamic Theocracy,Rapidly Declining,Appointee,1,0,4
Mandara,Mandara,Mandara,0,1400,1900,300yrsPlus,1,0,1,Father-Son,Descent,1,Regal,No,1,0,1,0,1,1,AtlanticSlave,Mandara,Islamic Theocracy,Declining,Appeals,1,1,4
Mandinka,Badibu,Badibu,0,1600,1890,150_200yrs,1,1,1,Within Eligible Clans/Royals,Rotation,0,Regal,No,1,0,1,1,1,0,AtlanticSlave,Mandingue,Hereditary Monarchy,Declining,Local,1,0,7
Mandinka,Djimara,Djimara,0,1600,1890,150_200yrs,1,1,1,Within Eligible Clans/Royals,Rotation,0,Regal,No,1,0,1,1,1,0,AtlanticSlave,Mandingue,Hereditary Monarchy,Declining,Local,1,0,7
Mandinka,Eropina,Eropina,0,1600,1890,150_200yrs,1,1,1,Within Eligible Clans/Royals,Rotation,0,Regal,No,1,0,1,1,1,0,AtlanticSlave,Mandingue,Hereditary Monarchy,Declining,Local,1,0,7
Mandinka,Jarra,Jarra,0,1600,1890,150_200yrs,1,1,1,Within Eligible Clans/Royals,Rotation,0,Regal,No,1,0,1,1,1,0,AtlanticSlave,Mandingue,Hereditary Monarchy,Declining,Local,1,0,7
Mandinka,Jokadu,Jokadu,0,1600,1890,150_200yrs,1,1,1,Within Eligible Clans/Royals,Rotation,0,Regal,No,1,0,1,1,1,0,AtlanticSlave,Mandingue,Hereditary Monarchy,Declining,Local,1,0,7
Mandinka,Kantora,Kantora,0,1600,1890,150_200yrs,1,1,1,Within Eligible Clans/Royals,Rotation,0,Regal,No,1,0,1,1,1,0,AtlanticSlave,Mandingue,Hereditary Monarchy,Declining,Local,1,0,7
Mandinka,Kiang,Kiang,0,1600,1890,150_200yrs,1,1,1,Within Eligible Clans/Royals,Rotation,0,Regal,No,1,0,1,1,1,0,AtlanticSlave,Mandingue,Hereditary Monarchy,Declining,Local,1,0,7
Mandinka,Kombo,Kombo,0,1600,1890,150_200yrs,1,1,1,Within Eligible Clans/Royals,Rotation,0,Regal,No,1,0,1,1,1,0,AtlanticSlave,Mandingue,Hereditary Monarchy,Declining,Local,1,0,7
Mandinka,Niamina,Niamina,0,1600,1890,150_200yrs,1,1,1,Within Eligible Clans/Royals,Rotation,0,Regal,No,1,0,1,1,1,0,AtlanticSlave,Mandingue,Hereditary Monarchy,Declining,Local,1,0,7
Mandinka,Niani,Niani,0,1600,1890,150_200yrs,1,1,1,Within Patrilineage,Descent,0,Regal,No,1,0,1,1,1,0,AtlanticSlave,Mandingue,Hereditary Monarchy,Declining,Local,1,0,7
Mandinka,Niumi,Niumi,0,1600,1890,150_200yrs,1,1,1,Within Eligible Clans/Royals,Rotation,0,Regal,No,1,0,1,1,1,0,AtlanticSlave,Mandingue,Hereditary Monarchy,Declining,Local,1,0,7
Mandinka,Rip Pakala,Rip Pakala,0,1600,1890,150_200yrs,1,1,1,Within Eligible Clans/Royals,Descent,0,Regal,No,1,0,1,1,1,0,AtlanticSlave,Mandingue,Hereditary Monarchy,Declining,Local,1,0,7
Mandinka,Tomani,Tomani,0,1600,1890,150_200yrs,1,1,1,Within Eligible Clans/Royals,Rotation,0,Regal,No,1,0,1,1,1,0,AtlanticSlave,Mandingue,Hereditary Monarchy,Declining,Local,1,0,7
Mandinka,Wuli,Wuli,0,1600,1890,150_200yrs,1,1,1,Within Patrilineage,Descent,0,Regal,No,1,0,1,1,1,0,AtlanticSlave,Mandingue,Hereditary Monarchy,Declining,Local,1,0,7
Manica,Manica,Manica,0,1500,1890,300yrsPlus,1,0,0,Father-Son,Descent,1,Regal,No,1,0,1,1,1,0,AtlanticSlave,Shona,Divine Kingship,Declining,Local,0,0,4
Mankon,Mankon,Mankon,0,1800,1890,50_99yrs,1,0,1,Father-Son,Descent,0,Federation,Yes,1,0,1,0,0,1,AtlanticSlave,Mankon,Divine Kingship,Rising,Local,0,1,4
Maradi,Maradi,Maradi,0,1800,1890,50_99yrs,1,0,1,Within Eligible Clans/Royals,Elected,0,Regal,No,1,1,0,1,0,0,SaharaCaravans,Hausa,Islamic Theocracy,Stable,,1,1,1
Maravi,Kalonga,Kalonga,0,1500,1890,200_250yrs,1,0,0,Within Matrilineage,Descent,1,Gatekeeper,No,1,0,1,0,1,1,IndianOcean,Chewa,Divine Kingship,Declining,Appeals,0,0,4
Maravi,Lundu,Lundu,0,1500,1890,200_250yrs,1,0,0,Within Matrilineage,Descent,1,Gatekeeper,No,1,0,1,0,1,1,IndianOcean,Chewa,Divine Kingship,Declining,Appeals,0,0,4
Maravi,Undi,Undi,0,1500,1890,200_250yrs,1,0,0,Within Matrilineage,Descent,1,Gatekeeper,No,1,0,1,0,1,1,IndianOcean,Chewa,Divine Kingship,Declining,Appeals,0,0,4
Merina,Merina,Merina,0,1500,1890,300yrsPlus,1,1,1,Within Patrilineage,Descent,0,Regal,No,1,0,1,1,1,1,IndianOcean,Merina,Divine Kingship,Rising,Local,0,0,11
Moronou,Moronou,Moronou,0,1700,1900,150_200yrs,1,0,0,Within Matrilineage,Descent,0,Federation,No,1,0,0,0,1,0,AtlanticSlave,Anyi,Divine Kingship,Declining,Local,0,1,5
Mossi States,Boulsa,Boulsa,0,1400,1890,300yrsPlus,1,0,1,Within Patrilineage,Descent,0,Gatekeeper,No,1,0,1,1,1,1,SaharaCaravans,Mossi,Divine Kingship,Stable,Appeals,0,1,8
Mossi States,Boussouma,Boussouma,0,1400,1890,300yrsPlus,1,0,1,Within Patrilineage,Descent,0,Gatekeeper,No,1,0,1,1,1,1,SaharaCaravans,Mossi,Divine Kingship,Stable,Appeals,0,1,8
Mossi States,Busu,Busu,0,1400,1890,300yrsPlus,1,0,1,Within Patrilineage,Descent,0,Gatekeeper,No,1,0,1,1,1,1,SaharaCaravans,Mossi,Divine Kingship,Stable,Appeals,0,1,8
Mossi States,Darigma,Darigma,0,1400,1890,300yrsPlus,1,0,1,Within Patrilineage,Descent,0,Gatekeeper,No,1,0,1,1,1,1,SaharaCaravans,Mossi,Divine Kingship,Stable,Appeals,0,1,8
Mossi States,Gourma,Gourma,0,1400,1890,300yrsPlus,1,0,1,Within Patrilineage,Descent,0,Gatekeeper,No,1,0,1,1,1,1,SaharaCaravans,Mossi,Divine Kingship,Stable,Appeals,0,1,8
Mossi States,Kayao,Kayao,0,1400,1890,300yrsPlus,1,0,1,Within Patrilineage,Descent,0,Gatekeeper,No,1,0,1,1,1,1,SaharaCaravans,Mossi,Divine Kingship,Stable,Appeals,0,1,8
Mossi States,Konkistenga,Konkistenga,0,1400,1890,300yrsPlus,1,0,1,Within Patrilineage,Descent,0,Gatekeeper,No,1,0,1,1,1,1,SaharaCaravans,Mossi,Divine Kingship,Stable,Appeals,0,1,8
Mossi States,Kupela,Kupela,0,1400,1890,300yrsPlus,1,0,1,Within Patrilineage,Descent,0,Gatekeeper,No,1,0,1,1,1,1,SaharaCaravans,Mossi,Divine Kingship,Stable,Appeals,0,1,8
Mossi States,Mane,Mane,0,1400,1890,300yrsPlus,1,0,1,Within Patrilineage,Descent,0,Gatekeeper,No,1,0,1,1,1,1,SaharaCaravans,Mossi,Divine Kingship,Stable,Appeals,0,1,8
Mossi States,Mossi States,Mossi States,0,1400,1890,300yrsPlus,1,0,1,Within Patrilineage,Descent,0,Gatekeeper,No,1,0,1,1,1,1,SaharaCaravans,Mossi,Divine Kingship,Stable,Appeals,0,1,8
Mossi States,Nyesga,Nyesga,0,1400,1890,300yrsPlus,1,0,1,Within Patrilineage,Descent,0,Gatekeeper,No,1,0,1,1,1,1,SaharaCaravans,Mossi,Divine Kingship,Stable,Appeals,0,1,8
Mossi States,Ouaga,Ouaga,0,1400,1890,300yrsPlus,1,0,1,Within Patrilineage,Descent,0,Gatekeeper,No,1,0,1,1,1,1,SaharaCaravans,Mossi,Divine Kingship,Stable,Appeals,0,1,8
Mossi States,Ratenga,Ratenga,0,1400,1890,300yrsPlus,1,0,1,Within Patrilineage,Descent,0,Gatekeeper,No,1,0,1,1,1,1,SaharaCaravans,Mossi,Divine Kingship,Stable,Appeals,0,1,8
Mossi States,Riziam,Riziam,0,1400,1890,300yrsPlus,1,0,1,Within Patrilineage,Descent,0,Gatekeeper,No,1,0,1,1,1,1,SaharaCaravans,Mossi,Divine Kingship,Stable,Appeals,0,1,8
Mossi States,Tema,Tema,0,1400,1890,300yrsPlus,1,0,1,Within Patrilineage,Descent,0,Gatekeeper,No,1,0,1,1,1,1,SaharaCaravans,Mossi,Divine Kingship,Stable,Appeals,0,1,8
Mossi States,Tenkodogo,Tenkodogo,0,1400,1890,300yrsPlus,1,0,1,Within Patrilineage,Descent,0,Gatekeeper,No,1,0,1,1,1,1,SaharaCaravans,Mossi,Divine Kingship,Stable,Appeals,0,1,8
Mossi States,Yako,Yako,0,1400,1890,300yrsPlus,1,0,1,Within Patrilineage,Descent,0,Gatekeeper,No,1,0,1,1,1,1,SaharaCaravans,Mossi,Divine Kingship,Stable,Appeals,0,1,8
Mossi States,Yatenga,Yatenga,0,1400,1890,300yrsPlus,1,0,1,Within Patrilineage,Descent,0,Gatekeeper,No,1,0,1,1,1,1,SaharaCaravans,Mossi,Divine Kingship,Stable,Appeals,0,1,8
Mossi States,Zitenga,Zitenga,0,1400,1890,300yrsPlus,1,0,1,Within Patrilineage,Descent,0,Gatekeeper,No,1,0,1,1,1,1,SaharaCaravans,Mossi,Divine Kingship,Stable,Appeals,0,1,8
Moundang,Moundang,Moundang,0,1700,1890,100_150yrs,1,0,1,Father-Son,Descent,0,Regal,No,1,1,1,0,0,1,Regional,Moundang,Divine Kingship,Stable,Appeals,0,1,3
Nafana,Nafana,Nafana,1,1700,1840,50_99yrs,1,1,1,Within Patrilineage,Descent,0,Regal,No,1,0,1,1,0,0,SaharaCaravans,Dyula,Hereditary Monarchy,Declining,,0,0,2
Ndebele,Ndebele,Ndebele,1,1800,1890,50_99yrs,1,1,1,Within Eligible Clans/Royals,Descent,0,Gatekeeper,Yes,1,1,0,0,1,0,Regional,Ndebele,Conquest,Stable,Appeals,0,0,9
Ngonde,Ngonde,Ngonde,0,1500,1890,300yrsPlus,1,0,0,Within Eligible Clans/Royals,Descent,1,Gatekeeper,No,1,0,1,0,1,0,IndianOcean,Nyakusa (Ngonde),Divine Kingship,Declining,Local,0,0,3
Ngoyo,Ngoyo,Ngoyo,0,1700,1830,100_150yrs,1,0,0,Within Eligible Clans/Royals,Descent,1,Despotic,Yes,1,0,1,0,0,1,AtlanticSlave,Bakongo,Divine Kingship,Rapidly Declining,Appeals,0,0,6
Nkomi,Nkomi,Nkomi,0,1700,1890,100_150yrs,1,0,1,Within Matrilineage,Elected,1,Gatekeeper,No,1,0,1,0,0,1,AtlanticSlave,Nkomi,Divine Kingship,Declining,Appointee,0,0,3
Nkore,Nkore,Nkore,0,1400,1900,300yrsPlus,1,0,0,Father-Son,Descent,0,Despotic,No,1,1,0,1,0,0,Regional,Bayankore,Divine Kingship,Rising,Appeals,0,0,6
Nso,Nso,Nso,0,1300,1900,300yrsPlus,1,0,0,Within Patrilineage,Descent,1,Federation,Yes,1,0,0,1,0,1,AtlanticSlave,Nso,Divine Kingship,Rising,Appeals,0,1,7
Nyamwezi,Mirambo,Mirambo,1,1800,1890,0_49yrs,1,0,0,Within Patrilineage,Descent,0,Gatekeeper,No,1,1,1,0,1,1,IndianOcean,Nyamwezi,Conquest,Stable,Local,0,0,8
Nyamwezi,Nyungu ya Mawe,Nyungu,1,1800,1890,0_49yrs,1,0,0,Within Patrilineage,Descent,0,Gatekeeper,No,1,1,1,0,1,1,IndianOcean,Nyamwezi,Conquest,Stable,Local,0,0,8
Orungu,Orungu,Orungu,0,1700,1880,150_200yrs,0,0,1,Within Patrilineage,Descent,1,Despotic,No,0,0,1,0,1,1,AtlanticSlave,Orungu,Divine Kingship,Declining,Appeals,0,1,3
Ouaddai,Ouaddai,Ouaddai,0,1600,1900,250_299yrs,1,1,1,Father-Son,Descent,1,Regal,No,0,1,1,0,1,1,SaharaCaravans,Maba,Islamic Theocracy,Rising,Appointee,1,1,7
Oualo,Oualo,Oualo,0,1600,1850,200_250yrs,1,1,1,Within Patrilineage,Descent,1,Regal,No,1,0,1,1,0,1,AtlanticSlave,Wolof,Divine Kingship,Declining,Appeals,1,0,4
Ovambo,Ovambo,Ovambo,0,1800,1910,100_150yrs,1,0,0,Within Patrilineage,Descent,0,Regal,No,1,1,1,1,1,1,Regional,Ovambo,Divine Kingship,Declining,Local,0,1,4
Ovimbundu,Ovimbundu,Ovimbundu,0,1700,1890,150_200yrs,1,0,,Within Eligible Clans/Royals,Descent,1,Regal,No,1,0,1,1,1,1,AtlanticSlave,Ovimbundu,Divine Kingship,Declining,Appointee,0,1,12
Porto-Novo,Porto Novo,Porto Novo,0,1600,1900,200_250yrs,1,0,1,Within Eligible Clans/Royals,Rotation,1,Gatekeeper,Yes,1,0,1,0,0,1,AtlanticSlave,Gun,Divine Kingship,Declining,Appeals,0,1,4
Quiteve,Quiteve,Quiteve,0,1500,1830,250_299yrs,1,0,1,Within Patrilineage,Descent,0,Gatekeeper,No,1,1,1,0,1,0,AtlanticSlave,Teve,Divine Kingship,Declining,Appeals,0,0,7
Rozvi,Rozvi,Rozvi,0,1600,1830,150_200yrs,1,0,0,Within Patrilineage,Descent,0,Gatekeeper,Yes,1,1,1,0,1,0,AtlanticSlave,Shona,Hereditary Monarchy,Declining,Appeals,0,0,6
Rwanda,Rwanda,Rwanda,1,1500,1890,300yrsPlus,1,1,0,Within Matrilineage,Descent,0,Despotic,No,1,1,0,0,0,0,Regional,Tutsi,Divine Kingship,Stable,Appeals,0,0,9
Sakalava,Bemihisatra,Bemihisatra,1,1400,1830,300yrsPlus,1,1,1,rotated within royal lineages,Descent,1,Gatekeeper,0,1,1,1,1,0,1,IndianOcean,Sakalava,Divine Kingship,Declining,Appeals,0,0,10
Sakalava,Sakalava,Sakalava,1,1400,1880,300yrsPlus,1,1,1,rotated within royal lineages,Descent,1,Gatekeeper,0,1,1,1,1,0,1,IndianOcean,Sakalava,Divine Kingship,Declining,Appeals,0,0,10
Saloum,Saloum,Saloum,0,1500,1890,300yrsPlus,1,1,1,Within Matrilineage,Descent,1,Gatekeeper,No,1,1,0,1,0,1,AtlanticSlave,Sereer,Divine Kingship,Declining,Appeals,0,0,9
Samory,Late Samory,Late Samory,1,1800,1890,0_49yrs,0,1,1,n/a,n/a,,Regal,No,1,0,1,1,1,1,Regional,Fulani,Conquest,Rising,Appeals,1,0,6
Samory,Samory,Samory,1,1800,1890,0_49yrs,0,1,1,n/a,n/a,,Regal,No,1,0,1,1,1,1,Regional,Dioula,Islamic Theocracy,Declining,Appeals,1,0,6
Sanwi,Sanwi,Sanwi,1,1700,1890,150_200yrs,1,0,1,Within Matrilineage,Descent,0,Regal,No,1,0,1,0,1,1,AtlanticSlave,Akan,Commerce,Declining,Appeals,0,1,4
Segou,Segou,Segou,0,1700,1860,100_150yrs,0,1,1,Within Patrilineage,Descent,0,Gatekeeper,Yes,1,0,1,1,0,1,Regional,Bambara,Hereditary Monarchy,Declining,,1,0,6
Shilluk,Shilluk,Shilluk,0,1400,1860,300yrsPlus,1,1,0,Father-Son,Descent,1,Gatekeeper,No,1,1,0,0,1,0,SaharaCaravans,Shilluk,Divine Kingship,Declining,Appeals,0,1,5
Shoa,Shoa,Shewa,0,1800,1880,50_99yrs,1,0,1,Within Patrilineage,Descent,0,Despotic,No,1,1,0,0,1,1,SaharaCaravans,Amhara,Hereditary Monarchy,Rising,Appointee,0,1,7
Sine,Sine,Sine,0,1500,1890,300yrsPlus,1,1,1,Within Matrilineage,Descent,0,Despotic,No,1,1,0,1,0,1,AtlanticSlave,Sereer,Divine Kingship,Rising,Appointee,0,0,8
Sokoto Emirates,Agaie,Agaie,1,1800,1900,50_99yrs,1,1,1,Within Patrilineage,Elected,1,Regal,No,1,1,1,1,1,1,SaharaCaravans,Fulani,Islamic Theocracy,Stable,Appointee,1,1,12
Sokoto Emirates,Bauchi,Bauchi,1,1800,1900,50_99yrs,1,1,1,Within Patrilineage,Elected,1,Regal,No,1,1,1,1,1,1,SaharaCaravans,Fulani,Islamic Theocracy,Stable,Appointee,1,1,12
Sokoto Emirates,Daura,Daura,1,1200,1900,300yrsPlus,1,1,1,Within Patrilineage,Elected,1,Regal,No,1,1,1,1,1,1,SaharaCaravans,Hausa,Islamic Theocracy,Stable,Appointee,1,1,12
Sokoto Emirates,Gombe,Gombe,1,1200,1900,300yrsPlus,1,1,1,Within Patrilineage,Elected,1,Regal,No,1,1,1,1,1,1,SaharaCaravans,Fulani,Islamic Theocracy,Stable,Appointee,1,1,12
Sokoto Emirates,Gwandu,Gwandu,1,1800,1900,50_99yrs,1,1,1,Within Patrilineage,Elected,1,Regal,No,1,1,1,1,1,1,SaharaCaravans,Fulani,Islamic Theocracy,Stable,Appointee,1,1,12
Sokoto Emirates,Hadejia,Hadejia,1,1800,1900,50_99yrs,1,1,1,Within Patrilineage,Elected,1,Regal,No,1,1,1,1,1,1,SaharaCaravans,Fulani,Islamic Theocracy,Stable,Appointee,1,1,12
Sokoto Emirates,Jamaare,Jamaare,1,1800,1900,50_99yrs,1,1,1,Within Patrilineage,Elected,1,Regal,No,1,1,1,1,1,1,SaharaCaravans,Fulani,Islamic Theocracy,Stable,Appointee,1,1,12
Sokoto Emirates,Kano,Kano,1,1200,1900,300yrsPlus,1,1,1,Within Patrilineage,Elected,1,Regal,No,1,1,1,1,1,1,SaharaCaravans,Hausa,Islamic Theocracy,Stable,Appointee,1,1,12
Sokoto Emirates,Katagum,Katagum,1,1800,1900,300yrsPlus,1,1,1,Within Patrilineage,Elected,1,Regal,No,1,1,1,1,1,1,SaharaCaravans,Fulani,Islamic Theocracy,Stable,Appointee,1,1,12
Sokoto Emirates,Katsina,Katsina,1,1200,1900,300yrsPlus,1,1,1,Within Patrilineage,Elected,1,Regal,No,1,1,1,1,1,1,SaharaCaravans,Hausa,Islamic Theocracy,Stable,Appointee,1,1,12
Sokoto Emirates,Kazaure,Kazaure,1,1800,1900,50_99yrs,1,1,1,Within Patrilineage,Elected,1,Regal,No,1,1,1,1,1,1,SaharaCaravans,Fulani,Islamic Theocracy,Stable,Appointee,1,1,12
Sokoto Emirates,Kebbi,Kebbi,1,1800,1900,50_99yrs,1,1,1,Within Patrilineage,Elected,1,Regal,No,1,1,1,1,1,1,SaharaCaravans,Fulani,Islamic Theocracy,Stable,Appointee,1,1,12
Sokoto Emirates,Kontagora,Kontagora,1,1800,1900,50_99yrs,1,1,1,Within Patrilineage,Elected,1,Regal,No,1,1,1,1,1,1,SaharaCaravans,Fulani,Islamic Theocracy,Stable,Appointee,1,1,12
Sokoto Emirates,Missau,Missau,1,1800,1900,50_99yrs,1,1,1,Within Patrilineage,Elected,1,Regal,No,1,1,1,1,1,1,SaharaCaravans,Hausa,Islamic Theocracy,Stable,Appointee,1,1,12
Sokoto Emirates,Nassawara,Nassawara,1,1800,1900,50_99yrs,1,1,1,Within Patrilineage,Elected,1,Regal,No,1,1,1,1,1,1,SaharaCaravans,Hausa,Islamic Theocracy,Stable,Appointee,1,1,12
Sokoto Emirates,Nupe,Nupe,1,1800,1900,50_99yrs,1,1,1,Within Patrilineage,Elected,1,Regal,No,1,1,1,1,1,1,SaharaCaravans,Hausa,Islamic Theocracy,Stable,Appointee,1,1,12
Sokoto Emirates,Rano,Rano,1,1200,1900,300yrsPlus,1,1,1,Within Patrilineage,Elected,1,Regal,No,1,1,1,1,1,1,SaharaCaravans,Fulani,Islamic Theocracy,Stable,Appointee,1,1,12
Sokoto Emirates,Sokoto,Sokoto,1,1800,1900,50_99yrs,1,1,1,Within Patrilineage,Elected,1,Regal,No,1,1,1,1,1,1,SaharaCaravans,Fulani,Islamic Theocracy,Stable,Appointee,1,1,12
Sokoto Emirates,Sokoto Emirates,Sokoto Emirates,1,1800,1900,50_99yrs,1,1,1,Within Patrilineage,Elected,1,Gatekeeper,No,1,1,1,1,1,1,SaharaCaravans,Fulani,Islamic Theocracy,Stable,Local,1,1,12
Sokoto Emirates,Yauri,Yauri,1,1800,1900,50_99yrs,1,1,1,Within Patrilineage,Elected,1,Regal,No,1,1,1,1,1,1,SaharaCaravans,Fulani,Islamic Theocracy,Stable,Appointee,1,1,12
Sokoto Emirates,Zaria,Zaria,1,1200,1900,300yrsPlus,1,1,1,Within Patrilineage,Elected,1,Regal,No,1,1,1,1,1,1,SaharaCaravans,Fulani,Islamic Theocracy,Stable,Appointee,1,1,12
Solima Yalunka,Solima Yalunka,Solima Yalunka,0,1700,1880,100_150yrs,1,0,0,Within Patrilineage,Descent,0,Federation,No,1,0,1,0,0,1,AtlanticSlave,Soso/Yalunka,Hereditary Monarchy,Declining,Local,0,0,2
Somali Sultanates,Bardera,Bardera,0,1800,1960,100_150yrs,0,0,1,n/a,n/a,,Despotic,No,0,1,1,1,0,0,IndianOcean,Somali,Islamic Theocracy,Declining,Appointee,1,0,8
Somali Sultanates,Gasaaragude,Gasaaragude,0,1400,1900,300yrsPlus,0,0,1,Within Eligible Clans/Royals,Descent,0,Despotic,No,0,1,1,1,1,1,IndianOcean,Somali,Commerce,Stable,Appointee,1,0,8
Somali Sultanates,Geledi,Geledi,0,1600,1900,250_299yrs,0,0,1,Within Eligible Clans/Royals,Descent,0,Regal,No,0,1,1,1,1,1,IndianOcean,Somali,Commerce,Declining,Appointee,1,0,8
Somali Sultanates,Hobyo,Hobyo,0,1800,1920,0_49yrs,0,0,1,Within Eligible Clans/Royals,Descent,0,Despotic,No,0,1,1,1,1,1,IndianOcean,Somali,Commerce,Stable,Appointee,1,0,8
Somali Sultanates,Jiddu,Jiddu,0,,,300yrsPlus,0,0,1,Within Eligible Clans/Royals,Descent,0,Despotic,No,0,1,1,1,1,1,IndianOcean,Somali,Commerce,Stable,Appointee,1,0,8
Somali Sultanates,Majerteen,Majerteen,0,1800,1920,100_150yrs,0,0,1,Within Eligible Clans/Royals,Descent,0,Despotic,No,0,1,1,1,1,1,IndianOcean,Somali,Commerce,Stable,Appointee,1,0,8
Somali Sultanates,Warsanguli,Warsanguli,0,1200,1880,300yrsPlus,0,0,1,Within Eligible Clans/Royals,Descent,0,Despotic,No,0,1,1,1,1,1,IndianOcean,Somali,Commerce,Stable,Appointee,1,0,8
Swahili,Swahili,Swahili,1,1000,1890,300yrsPlus,1,0,1,Within Patrilineage,Descent,0,Despotic,No,1,0,1,1,0,1,IndianOcean,Swahili,Commerce,Stable,Appointee,1,0,7
Swazi,Swazi,Swazi,0,1800,1880,50_99yrs,1,0,0,Within Patrilineage,Elected,1,Despotic,Yes,1,1,0,1,0,0,Regional,Swazi,Divine Kingship,Stable,Appeals,0,1,5
Taqali,Taqali,Taqali,1,1700,1880,50_99yrs,1,0,1,Within Patrilineage,Descent,0,Gatekeeper,No,1,0,0,1,0,0,Regional,Nuba,Conquest,Stable,Appeals,1,0,3
Toro,Toro,Toro,1,1800,1870,0_49yrs,0,0,1,Within Eligible Clans/Royals,Descent,0,Regal,No,1,1,1,1,1,0,Regional,Banyoro,Hereditary Monarchy,Declining,,0,1,5
Toucouleur,Toucouleur,Umarian,1,1800,1890,0_49yrs,0,1,1,Father-Son,Descent,0,Regal,No,1,0,1,1,0,1,AtlanticSlave,Fulani,Islamic Theocracy,Declining,Appeals,1,0,6
Tswana,BaKgatla,BaKgatla,0,1800,1880,50_99yrs,1,0,0,Father-Son,Descent,0,Regal,No,1,1,0,0,1,0,Regional,Tswana,Hereditary Monarchy,Declining,Appeals,0,1,12
Tswana,BaKwena,BaKwena,0,1800,1880,50_99yrs,1,0,0,Father-Son,Descent,0,Regal,No,1,1,0,0,1,0,Regional,Tswana,Hereditary Monarchy,Declining,Appeals,0,1,12
Tswana,BaLete,BaLete,0,1800,1880,0_49yrs,1,0,0,Father-Son,Descent,0,Regal,No,1,1,1,0,1,0,Regional,Tswana,Hereditary Monarchy,Rising,Appeals,0,1,12
Tswana,BaNgwaketse,BaNgwaketse,0,1800,1880,50_99yrs,1,0,0,Father-Son,Descent,0,Regal,No,0,1,0,0,1,0,Regional,Tswana,Hereditary Monarchy,Stable,Appeals,0,1,12
Tswana,BaNgwato,BaNgwato,0,1700,1880,50_99yrs,1,0,0,Father-Son,Descent,0,Regal,No,1,1,0,0,1,0,Regional,Tswana,Hereditary Monarchy,Rising,Appeals,0,1,12
Tswana,Tawana,Tawana,0,1800,1880,0_49yrs,1,0,0,Father-Son,Descent,0,Regal,No,1,1,0,0,1,0,Regional,Tswana,Hereditary Monarchy,Stable,Local,0,1,12
Tyo/Teke,Tyo,Tyo,0,1500,1880,300yrsPlus,0,0,0,Within Eligible Clans/Royals,Elected,1,Gatekeeper,No,1,0,1,0,1,1,AtlanticSlave,Bateke,Divine Kingship,Stable,Local,0,1,1
Ugweno,Ugweno,Ugweno,0,1500,1870,300yrsPlus,1,0,0,Father-Son,Descent,0,Regal,No,1,1,1,0,1,1,IndianOcean,Pare,Divine Kingship,Declining,Appeals,0,0,5
Wolayta,Wolayta,Wolayta,1,1200,1890,300yrsPlus,1,1,1,Within Patrilineage,Descent,1,Regal,No,1,0,1,0,1,0,SaharaCaravans,Wolaita,Divine Kingship,Stable,Appeals,0,0,3
Yaga,Yaga,Yaga,1,1800,1900,50_99yrs,1,1,1,Within Patrilineage,Elected,0,Gatekeeper,No,1,1,1,1,0,1,SaharaCaravans,Fulani,Islamic Theocracy,Stable,Appointee,1,1,3
Yeke,Yeke,Yeke,1,1800,1890,0_49yrs,1,0,0,n/a,n/a,,Regal,No,1,0,1,0,1,1,IndianOcean,Yeke,Divine Kingship,Rising,,0,0,4
Yoruba,Egba,Egba,0,1300,1890,300yrsPlus,1,0,1,Within Eligible Clans/Royals,Elected,1,Federation,Yes,1,0,1,0,0,1,AtlanticSlave,Yoruba,Divine Kingship,Declining,Local,0,1,8
Yoruba,Egbado,Egbado,0,1300,1890,300yrsPlus,1,0,1,Within Eligible Clans/Royals,Elected,1,Regal,Yes,1,0,1,0,0,1,AtlanticSlave,Yoruba,Divine Kingship,Declining,Local,0,1,9
Yoruba,Ekiti,Ekiti,0,1300,1890,300yrsPlus,1,0,1,Within Eligible Clans/Royals,Elected,1,Regal,Yes,1,0,1,0,0,1,AtlanticSlave,Yoruba,Divine Kingship,Declining,Local,0,1,9
Yoruba,Ife,Ife,0,1300,1890,300yrsPlus,1,0,1,Within Eligible Clans/Royals,Elected,1,Regal,Yes,1,0,1,0,0,1,AtlanticSlave,Yoruba,Divine Kingship,Declining,Local,0,1,9
Yoruba,Igbomina,Igbomina,0,1300,1890,300yrsPlus,1,0,1,Within Eligible Clans/Royals,Elected,1,Regal,Yes,1,0,1,0,0,1,AtlanticSlave,Yoruba,Divine Kingship,Declining,Local,0,1,9
Yoruba,Ijebu,Ijebu,0,1300,1890,300yrsPlus,1,0,1,Within Eligible Clans/Royals,Elected,1,Federation,Yes,1,0,1,0,0,1,AtlanticSlave,Yoruba,Divine Kingship,Declining,Local,0,1,9
Yoruba,Ijesha,Ijesha,0,1300,1890,300yrsPlus,1,0,1,Within Eligible Clans/Royals,Elected,1,Regal,Yes,1,0,1,0,0,1,AtlanticSlave,Yoruba,Divine Kingship,Declining,Local,0,1,9
Yoruba,Ketu,Ketu,0,1300,1890,300yrsPlus,1,0,1,Within Eligible Clans/Royals,Elected,1,Regal,,1,0,1,0,0,1,AtlanticSlave,Yoruba,Divine Kingship,Declining,Local,0,1,9
Yoruba,Ondo,Ondo,0,1300,1890,300yrsPlus,1,0,1,Within Eligible Clans/Royals,Elected,1,Regal,Yes,1,0,1,0,0,1,AtlanticSlave,Yoruba,Divine Kingship,Declining,Local,0,1,9
Yoruba,Owo,Owo,0,1300,1890,300yrsPlus,1,0,1,Within Eligible Clans/Royals,Elected,1,Regal,Yes,1,0,1,0,0,1,AtlanticSlave,Yoruba,Divine Kingship,Declining,Local,0,1,9
Yoruba,Owu,Owu,0,1300,1890,300yrsPlus,1,0,1,Within Eligible Clans/Royals,Elected,1,Regal,Yes,1,0,1,0,0,1,AtlanticSlave,Yoruba,Divine Kingship,Declining,Local,0,1,9
Yoruba,Oyo,Oyo,0,1300,1890,300yrsPlus,1,0,1,Within Eligible Clans/Royals,Elected,1,Regal,Yes,1,0,1,0,0,1,AtlanticSlave,Yoruba,Divine Kingship,Declining,Local,0,1,9
Yoruba,Sabe,Sabe,0,1300,1890,300yrsPlus,1,0,1,Within Eligible Clans/Royals,Elected,1,Regal,Yes,1,0,1,0,0,1,AtlanticSlave,Yoruba,Divine Kingship,Declining,Local,0,1,9
Yoruba,Yoruba,Yoruba,0,1300,1890,300yrsPlus,1,0,1,Within Patrilineage,Elected,1,Federation,Yes,1,0,1,0,0,1,AtlanticSlave,Yoruba,Divine Kingship,Declining,Local,0,1,9
Zulu,Zulu,Zulu,0,1800,1870,50_99yrs,0,0,0,Within Patrilineage,Descent,0,Gatekeeper,Yes,1,1,0,0,1,0,IndianOcean,Zulu,Divine Kingship,Declining,Appointee,0,1,7